[
  {
    "id": "e7ff7e28-b073-40bf-89ad-a84771b8f274",
    "data": [
      {
        "text": "Chocolate Ice Cream",
        "userDefined": false
      }
    ],
    "isTemplate": false,
    "count": 0,
    "lang": "en",
    "updated": 0
  },
  {
    "id": "58c5ee5c-2ddd-4c99-9bb6-72cf9666d5f2",
    "data": [
      {
        "text": "Juice",
        "userDefined": false
      }
    ],
    "isTemplate": false,
    "count": 0,
    "lang": "en",
    "updated": 0
  },
  {
    "id": "e78c47c8-a74d-45b5-b5f6-48fa0c7effeb",
    "data": [
      {
        "text": "Gulab Jamun",
        "userDefined": false
      }
    ],
    "isTemplate": false,
    "count": 0,
    "lang": "en",
    "updated": 0
  }
]